3000.77389,0.00015,3000.7743,0.0006,9,Th II,9238,9/2_1,12570,7/2,EHW03
3003.91179,4E-05,3003.9121,0.0006,9,Th I,19948,4_1,23277,5,EHW03
3004.21046,0.00018,3004.2104,0.0005,20,Ar II,202467,3/2_1,199139,3/2,95WHA
3010.77357,0.00011,3010.7744,0.0008,3,Th I,26096,3_1,29418,2,EHW03
-,-,3011.423,0.004,5,Ar I,120188,1,123509,0_1,95WHA
3012.98938,5E-05,3012.9899,0.001,1,Th I,24202,4_1,27521,4,EHW03
3015.07518,6E-05,3015.0756,0.001,1,Th I,15493,4,18809,4_1,EHW03
3015.38663,6E-05,3015.3873,0.001,1,Th I,23655,4_1,26971,4,EHW03
3015.7543,0.0003,3015.7537,0.001,1,Th II,13248,9/2,16564,11/2_1,EHW03
3016.1819,0.0003,3016.1831,0.001,1,Th II,16564,11/2_1,19880,9/2,EHW03
3018.64338,0.00018,3018.6434,0.0003,32,Ar II,203345,3/2_1,200032,3/2,95WHA
3021.11,0.0013,3021.11,0.0025,7,Ar II,209414,3/2,206103,3/2_1,95WHA
3024.47082,7E-05,3024.4713,0.0006,21,Th I,18431,3,21738,2_1,EHW03
3035.44673,0.00018,3035.4467,0.0003,66,Ar II,203918,3/2_1,200624,1/2,95WHA
3036.35796,0.00019,3036.359,0.001,1,Th I,22515,2,25809,1_1,EHW03
3036.72203,6E-05,3036.7227,0.0007,7,Th I,24202,4_1,27495,4,EHW03
3037.12456,0.00014,3037.1242,0.0012,0,Th I,27495,4,30788,5_1,EHW03
3037.35649,0.00012,3037.356,0.001,1,Th I,27260,3_1,30552,4,EHW03
3038.38649,6E-05,3038.3868,0.0007,5,Th I,19986,6_1,23277,5,EHW03
3038.5387,0.0004,3038.5386,0.001,1,Th I,25806,1_1,29097,1,EHW03
3041.7252,0.0009,3041.7252,0.0022,7,Ar II,208482,1/2,205194,3/2_1,95WHA
3042.77108,9E-05,3042.7708,0.0007,7,Th I,27266,4_1,30552,4,EHW03
3043.98802,0.00013,3043.9883,0.0008,3,Th I,24032,4,27317,3_1,EHW03
-,-,3046.2063,0.0003,3090,Ar I,113717,3_1,116999,2,95WHA
3046.8624,0.0003,3046.8624,0.0003,68,Ar II,202421,1/2_1,199139,3/2,95WHA
-,-,3049.028,0.004,5,Ar I,120188,1,123468,1_1,95WHA
-,-,3049.407,0.004,8,Ar I,120189,2,123468,1_1,95WHA
-,-,3055.3164,0.0003,251,Ar I,119445,2_1,122718,3,95WHA
3057.33674,-,3057.337,0.003,17,Ar II,213878,6/2_1,210608,5/2,95WHA
3057.46761,-,3057.468,0.005,17,Ar II,213878,5/2_1,210608,4/2,95WHA
3057.51959,0.00014,3057.5193,0.0006,13,Th I,24701,5_1,27971,5,EHW03
3058.71592,0.00013,3058.716,0.0008,7,Th I,28932,4_1,32201,5,EHW03
3059.25367,-,3059.2537,0.0024,26,Ar II,213878,5/2_1,210609,4/2,95WHA
3060.91746,9E-05,3060.9168,0.0008,5,Th I,23113,4_1,26380,5,EHW03
3061.46803,-,3061.468,0.003,10,Ar II,189438,1/2_1,186171,1/2,95WHA
3061.46803,-,3061.468,0.003,10,Ar II,214992,4/2_1,211726,3/2,95WHA
3061.56748,-,3061.567,0.004,14,Ar II,214992,4/2_1,211726,3/2,95WHA
3062.71593,0.00017,3062.7161,0.0004,83,Th II,8460,3/2,11725,1/2_1,EHW03
3062.98788,3E-05,3062.9877,0.0003,81,Th I,15166,3_1,18431,3,KNS08
3062.9879,0.0007,3062.9877,0.0003,81,Th I,36297,4,39562,4_1,KNS08
3063.69835,0.0001,3063.6981,0.001,1,Th I,25877,4_1,29141,5,EHW03
3064.14059,6E-05,3064.1407,0.0008,3,Th I,22141,3_1,25405,4,EHW03
-,-,3064.39,0.0006,65,Ar I,119445,2_1,122708,2,95WHA
3065.078,0.00021,3065.0782,0.0005,57,Th II,17727,11/2,20989,9/2_1,EHW03
3065.80839,6E-05,3065.8083,0.0007,11,Th I,13962,1,17224,2_1,EHW03
3065.93307,-,3065.933,0.003,15,Ar II,214994,6/2_1,211732,5/2,95WHA
3066.00884,-,3066.009,0.004,17,Ar II,214994,6/2_1,211732,5/2,95WHA
3069.28436,5E-05,3069.2846,0.0005,49,Th I,13088,3,16346,4_1,EHW03
3070.41691,-,3070.417,0.004,13,Ar II,215455,5/2_1,212198,4/2,95WHA
3070.57643,-,3070.576,0.005,12,Ar II,215455,5/2_1,212198,4/2,95WHA
3071.18984,0.00022,3071.1911,0.0008,5,Th I,28673,2_1,31929,3,EHW03
-,-,3071.625,0.011,3,Ar I,120250,3,123505,2_1,95WHA
3072.5433,0.0003,3072.5434,0.0006,19,Th III,9953,3,13208,2_1,EHW03
3072.6773,-,3072.677,0.008,8,Ar II,213885,4/2_1,210630,3/2,95WHA
3072.72469,-,3072.725,0.008,11,Ar II,213885,4/2_1,210630,3/2,95WHA
3073.52349,4E-05,3073.5237,0.0007,11,Th I,19948,4_1,23201,3,EHW03
3073.6325,0.0006,3073.6327,0.0006,15,Ar II,204134,5/2_1,200881,7/2,95WHA
3073.96757,6E-05,3073.9649,0.0008,7,Th I,20737,1_1,23990,2,EHW03
3074.8981,0.00022,3074.8983,0.001,1,Th II,16906,7/2_1,20158,5/2,EHW03
3075.75703,-,3075.757,0.004,8,Ar II,213888,5/2,210637,5/2_1,95WHA
3078.46667,0.0001,3078.4669,0.0008,3,Th I,26508,3_1,29756,4,EHW03
3079.17504,-,3079.175,0.0004,132,Ar II,213885,7/2,210637,6/2_1,95WHA
3079.19239,-,3079.1924,0.0005,91,Ar II,213884,6/2,210637,5/2_1,95WHA
3079.4295,0.0004,3079.4294,0.0006,19,Th III,7875,1,11123,1_1,EHW03
3079.44424,-,3079.444,0.003,14,Ar II,213890,7/2_1,210643,6/2,95WHA
3079.65193,-,3079.652,0.005,10,Ar II,213884,6/2,210637,6/2_1,95WHA
3079.93209,8E-05,3079.9326,0.0007,15,Th I,24981,3_1,28227,4,EHW03
3080.31504,3E-05,3080.3151,0.0006,19,Th I,7280,2,10526,3_1,EHW03
3080.85757,-,3080.8576,0.0005,66,Ar II,214998,5/2,211752,4/2_1,95WHA
3081.99112,0.00023,3081.9914,0.0006,25,Th III,4676,2,7921,1_1,EHW03
3082.78939,-,3082.7894,0.0004,81,Ar II,214999,7/2,211755,6/2_1,95WHA
3083.63825,0.00023,3083.6385,0.0006,21,Th II,14484,11/2_1,17727,11/2,EHW03
3083.91683,-,3083.917,0.007,16,Ar II,215004,5/2_1,211761,4/2,95WHA
3084.48836,8E-05,3084.4887,0.0008,5,Th I,22163,4_1,25405,4,EHW03
3085.35749,-,3085.3575,0.0007,66,Ar II,215459,6/2,212217,5/2_1,95WHA
3085.46897,-,3085.469,0.0005,60,Ar II,213888,5/2,210647,4/2_1,95WHA
3086.00954,7E-05,3086.0099,0.0006,23,Th I,23015,5_1,26255,4,EHW03
3090.24641,-,3090.2464,0.0006,81,Ar II,213892,8/2,210656,7/2_1,95WHA
3090.5228,-,3090.523,0.011,8,Ar II,213894,3/2_1,210659,2/2,95WHA
3091.56329,0.00019,3091.5633,0.0003,50,Ar II,203345,3/2_1,200110,1/2,95WHA
-,-,3092.1163,0.0003,123,Ar I,113426,2_1,116660,1,95WHA
3092.14499,-,3092.145,0.0008,28,Ar II,215005,6/2,211771,5/2_1,95WHA
3094.7336,-,3094.734,0.003,26,Ar II,213894,4/2,210663,3/2_1,95WHA
3096.91265,-,3096.913,0.013,6,Ar II,213885,7/2,210656,7/2_1,95WHA
-,-,3099.6207,0.0003,4365,Ar I,113717,3_1,116943,3,95WHA
3101.45831,0.00013,3101.4579,0.0011,1,Th I,25306,2_1,28531,2,EHW03
3104.70192,0.0001,3104.7019,0.0009,3,Th I,26790,4_1,30011,3,EHW03
3118.09144,0.00011,3118.0917,0.0013,0,Th I,25355,4_1,28562,4,EHW03
3119.6992,0.0005,3119.6998,0.0011,1,Th II,25381,3/2,28587,5/2_1,EHW03
3127.45829,0.0002,3127.4588,0.0007,11,Th I,28518,7_1,31715,6,EHW03
-,-,3133.3026,0.0003,50119,Ar I,113468,2_1,116660,1,95WHA
3133.34417,8E-05,3133.3442,0.0003,88,Th I,14206,4_1,17398,3,KNS08
3133.605,0.00011,3133.6048,0.0008,5,Th I,24421,3_1,27612,3,EHW03
3136.1285,0.00011,3136.1283,0.0011,1,Th I,18549,2,21738,2_1,EHW03
3136.8424,0.0003,3136.842,0.003,4,Ar II,203594,1/2_1,200406,1/2,95WHA
-,-,3136.9916,0.0003,102,Ar I,116660,1,119848,1_1,95WHA
3137.95211,0.00025,3137.9522,0.0007,11,Th II,15786,5/2,18973,7/2_1,EHW03
3138.96167,0.0001,3138.9617,0.0011,1,Th I,16346,4_1,19532,4,EHW03
3139.20465,9E-05,3139.2051,0.0009,3,Th I,24381,2_1,27566,2,EHW03
3139.80779,0.00012,3139.8079,0.0004,190,Th II,4146,7/2,7331,5/2_1,EHW03
3145.0843,0.0003,3145.0862,0.0007,9,Th II,24757,9/2_1,27937,11/2,EHW03
3145.28261,8E-05,3145.2827,0.0006,19,Th I,10783,2_1,13962,1,EHW03
3147.65485,0.00011,3147.6552,0.0007,9,Th I,21738,2_1,24915,3,EHW03
3153.24022,6E-05,3153.2401,0.0007,11,Th I,19817,1_1,22988,2,EHW03
3154.9887,0.00022,3154.9896,0.0008,5,Th I,27971,5,31141,5_1,EHW03
3156.67068,4E-05,3156.6697,0.0008,7,Th I,18930,3_1,22098,4,EHW03
-,-,3159.7466,0.0006,18,Ar I,119445,2_1,122610,1,95WHA
3161.6199,0.0016,3161.6199,0.0008,14,Ar II,203787,1/2_1,200624,1/2,95WHA
-,-,3172.7907,0.0003,398,Ar I,119566,3_1,122718,4,95WHA
3176.6336,0.001,3176.6345,0.0017,9,Ar II,209268,3/2,206120,5/2_1,95WHA
3178.12153,5E-05,3178.1223,0.0011,1,Th I,21252,2_1,24399,3,EHW03
3180.90965,0.00014,3180.9099,0.0011,1,Th I,25306,2_1,28450,1,EHW03
-,-,3181.4999,0.0013,12,Ar I,120230,3,123373,2_1,95WHA
-,-,3182.8549,0.0004,107,Ar I,119566,3_1,122708,3,95WHA
3187.27871,0.0001,3187.2791,0.0011,1,Th I,19532,4,22669,3_1,EHW03
3187.2808,0.0004,3187.2791,0.0011,1,Th I,32439,4_1,35576,3,EHW03
3191.15902,0.00015,3191.1599,0.0011,1,Th I,21077,5_1,24210,4,EHW03
3193.2847,0.0004,3193.2848,0.0019,7,Ar II,209377,5/2,206246,7/2_1,95WHA
3194.14742,4E-05,3194.1478,0.0003,50,Th I,8111,4,11241,3_1,KNS08
-,-,3195.262,0.0003,112,Ar I,119566,3_1,122696,4,95WHA
3195.99004,4E-05,3195.9902,0.0007,13,Th I,13088,3,16217,2_1,EHW03
3197.11683,0.00012,3197.117,0.0006,33,Th I,14226,0,17354,1_1,EHW03
-,-,3199.4744,0.0004,91,Ar I,121012,1_1,124137,2,95WHA
3201.49123,6E-05,3201.4915,0.0008,5,Th I,19273,2,22396,1_1,EHW03
3203.73108,0.00016,3203.7316,0.0007,11,Th I,24850,6_1,27971,5,EHW03
3204.63192,6E-05,3204.6318,0.0007,11,Th I,19516,2_1,22637,3,EHW03
-,-,3204.766,0.003,10,Ar I,119566,3_1,122686,2,95WHA
3205.58871,9E-05,3205.5886,0.0007,11,Th I,18549,2,21668,1_1,EHW03
3206.67445,0.0001,3206.6744,0.0008,7,Th I,27852,5_1,30971,4,EHW03
3206.9418,0.0003,3206.9418,0.0007,9,Th III,63,2,3181,2_1,EHW03
3207.9484,8E-05,3207.9485,0.0011,1,Th I,17959,4,21077,5_1,EHW03
3208.87946,0.0001,3208.8797,0.0008,7,Th I,21143,5,24259,4_1,EHW03
3209.19289,0.0002,3209.1928,0.0006,31,Th II,8460,3/2,11576,3/2_1,EHW03
3210.12365,0.00021,3210.1237,0.0003,62,Ar II,202254,3/2_1,199139,3/2,95WHA
3213.5566,0.0003,3213.557,0.0008,5,Th I,27971,5,31083,6_1,EHW03
3215.3562,0.0003,3215.3562,0.0013,9,Ar II,203345,3/2_1,200235,5/2,95WHA
3217.60057,4E-05,3217.6009,0.0006,19,Th I,18431,3,21539,4_1,EHW03
3217.98175,9E-05,3217.982,0.0009,3,Th I,23277,5,26384,4_1,EHW03
3218.3824,0.0003,3218.3826,0.0012,10,Ar II,203731,3/2_1,200624,1/2,95WHA
3218.91137,0.00023,3218.9118,0.0011,1,Th II,22139,9/2_1,25246,9/2,EHW03
3219.13915,6E-05,3219.1393,0.0007,9,Th I,24084,6_1,27191,5,EHW03
3220.02212,0.00022,3220.0248,0.0011,1,Th I,27784,2_1,30889,1,EHW03
3221.3751,0.0004,3221.3762,0.0009,3,Th II,12219,3/2,15324,1/2_1,EHW03
-,-,3223.5315,0.0003,646,Ar I,115367,1_1,118469,2,95WHA
3225.31858,9E-05,3225.3191,0.0007,13,Th I,24421,3_1,27521,4,EHW03
-,-,3225.6254,0.0003,1778,Ar I,116660,1,119760,1_1,95WHA
3228.7449,0.0003,3228.7449,0.0013,7,Ar II,189438,1/2_1,186341,3/2,95WHA
-,-,3230.5908,0.0003,1023,Ar I,108723,0,111818,1_1,95WHA
3233.11948,7E-05,3233.1198,0.0008,7,Th I,26048,4_1,29141,5,EHW03
-,-,3233.3857,0.0003,3715,Ar I,115367,1_1,118460,1,95WHA
3235.635,0.0016,3235.635,0.003,7,Ar II,211572,3/2_1,208482,1/2,95WHA
3236.40804,0.00016,3236.4083,0.0005,59,Th II,10379,9/2,13468,9/2_1,EHW03
3237.95852,0.00011,3237.9599,0.0009,3,Th I,25442,3_1,28531,2,EHW03
3240.41265,4E-05,3240.4128,0.0008,7,Th I,8111,4,11197,5_1,EHW03
3241.78658,0.00019,3241.7872,0.0006,19,Th II,9400,5/2,12485,7/2_1,EHW03
3242.14117,0.00025,3242.1421,0.0012,1,Th II,21297,5/2_1,24381,7/2,EHW03
3243.9555,0.0003,3243.954,0.0008,5,Th I,28188,6_1,31271,5,EHW03
3244.9743,0.0005,3244.9743,0.0012,1,Th II,22106,5/2,25188,3/2_1,EHW03
3246.07999,5E-05,3246.0803,0.0006,27,Th I,15618,3_1,18699,2,EHW03
3249.17987,8E-05,3249.1801,0.0009,3,Th I,27852,5_1,30930,6,EHW03
3252.52913,0.0001,3252.5297,0.0012,1,Th I,24421,3_1,27495,4,EHW03
3253.393,0.00011,3253.3926,0.0008,5,Th I,23306,6_1,26380,5,EHW03
3256.04311,0.0002,3256.0436,0.0006,17,Th II,9400,5/2,12472,5/2_1,EHW03
3258.32927,7E-05,3258.3298,0.001,3,Th I,15970,3,19039,2_1,EHW03
-,-,3258.3716,0.0012,11,Ar I,119566,3_1,122635,2,95WHA
3261.14778,9E-05,3261.148,0.0012,1,Th I,15863,2,18930,3_1,EHW03
3261.4004,7E-05,3261.3998,0.0008,5,Th I,22338,3_1,25405,4,EHW03
3263.0526,9E-05,3263.0529,0.0006,17,Th I,10783,2_1,13847,2,EHW03
-,-,3265.9176,0.0003,324,Ar I,118871,0,121933,1_1,95WHA
3267.83161,0.00021,3267.8316,0.0013,6,Ar II,163300,5/2,160239,3/2_1,95WHA
3268.35562,0.00025,3268.3542,0.0012,1,Th II,10189,11/2_1,13248,9/2,EHW03
3268.88974,0.0001,3268.8903,0.0008,7,Th I,21143,5,24202,4_1,EHW03
3269.42608,0.00021,3269.4261,0.0003,42,Ar II,203198,7/2_1,200139,7/2,95WHA
3270.74554,0.00013,3270.7459,0.001,3,Th I,25877,4_1,28934,3,EHW03
3272.46702,5E-05,3272.4678,0.0012,1,Th I,16217,2_1,19273,2,EHW03
3272.6762,0.0003,3272.6761,0.0014,0,Th II,19050,3/2_1,22106,5/2,EHW03
3278.0227,0.0001,3278.022,0.001,3,Th I,24561,3_1,27612,3,EHW03
3279.0508,0.0003,3279.051,0.003,7,Ar II,209199,5/2,206149,7/2_1,95WHA
3279.2502,0.0003,3279.2505,0.0012,1,Th I,28034,5,31083,6_1,EHW03
3283.3048,0.00016,3283.3051,0.0009,5,Th I,21165,3_1,24210,4,EHW03
3286.9938,0.0003,3286.9942,0.0006,23,Th III,7500,3_1,10542,4,EHW03
3287.60946,0.00012,3287.6099,0.0006,19,Th I,14032,2_1,17073,1,EHW03
-,-,3288.8616,0.0003,3715,Ar I,115367,1_1,118407,1,95WHA
3290.9421,0.0003,3290.942,0.0003,58,Ar II,208143,7/2,205104,9/2_1,95WHA
3291.17697,9E-05,3291.178,0.001,3,Th I,18699,2,21738,2_1,EHW03
3291.17599,0.00024,3291.178,0.001,3,Th I,27980,3,31019,4_1,EHW03
3292.5939,0.0003,3292.5942,0.0008,13,Th II,17121,3/2_1,20158,5/2,EHW03
-,-,3293.9591,0.0003,269,Ar I,114148,1_1,117184,2,95WHA
3294.78869,6E-05,3294.7875,0.0012,1,Th I,22855,3_1,25890,2,EHW03
3304.9313,0.0003,3304.931,0.004,4,Ar II,203008,3/2_1,199982,3/2,95WHA
3305.90972,0.00011,3305.9094,0.001,3,Th I,21890,3_1,24915,3,EHW03
-,-,3306.0021,0.0024,21,Ar I,119683,2_1,122708,3,95WHA
3306.29884,0.00016,3306.299,0.0003,260,Th II,6213,9/2,9238,9/2_1,EHW03
-,-,3307.8807,0.0003,8710,Ar I,116660,1,119683,2_1,95WHA
3310.6615,0.0004,3310.662,0.003,4,Ar II,202467,3/2_1,199447,1/2,95WHA
-,-,3314.8429,0.0003,12589,Ar I,113643,1_1,116660,1,95WHA
3318.8563,0.0009,3318.8563,0.0015,9,Ar II,209268,3/2,206255,5/2_1,95WHA
3319.08581,8E-05,3319.0864,0.0009,7,Th I,22877,1_1,25890,2,EHW03
3320.30043,0.00015,3320.3005,0.0008,15,Th II,6700,9/2_1,9711,7/2,EHW03
3321.54517,0.00022,3321.545,0.003,5,Ar II,202149,5/2_1,199139,3/2,95WHA
3325.31544,6E-05,3325.316,0.0008,9,Th I,11197,5_1,14204,5,EHW03
3328.1644,0.0003,3328.1647,0.0008,9,Th III,7176,2,10180,2_1,EHW03
-,-,3329.3427,0.0003,14454,Ar I,114148,1_1,117151,1,95WHA
-,-,3329.7982,0.0003,871,Ar I,118651,1_1,121655,2,95WHA
3333.63636,0.00017,3333.6367,0.0014,0,Th II,13818,7/2_1,16818,7/2,EHW03
3333.8049,9E-05,3333.8064,0.001,3,Th I,24981,3_1,27980,3,EHW03
3334.3713,0.0004,3334.3712,0.002,8,Ar II,207937,9/2,204938,9/2_1,95WHA
3345.85273,0.00017,3345.8531,0.0006,41,Th II,6213,9/2,9202,7/2_1,EHW03
3347.7734,6E-05,3347.7754,0.0012,1,Th I,20214,3_1,23201,3,EHW03
3347.92079,0.00011,3347.9212,0.0009,5,Th I,25355,4_1,28342,5,EHW03
3354.40702,0.00018,3354.4076,0.001,3,Th I,27591,5,30572,6_1,EHW03
-,-,3360.083,0.003,17,Ar I,121161,1_1,124137,2,95WHA
3360.7579,0.00023,3360.7579,0.0003,62,Ar II,203008,3/2_1,200032,3/2,95WHA
3362.51559,0.00023,3362.5179,0.0009,5,Th II,15144,3/2_1,18118,3/2,EHW03
3362.5338,0.0006,3362.5336,0.0003,36,Ar II,202421,1/2_1,199447,1/2,95WHA
3363.06283,0.00023,3363.0631,0.0007,31,Th II,16906,7/2_1,19880,9/2,EHW03
3366.3376,0.0003,3366.3375,0.0021,7,Ar II,203594,1/2_1,200624,1/2,95WHA
3366.36947,0.00018,3366.3698,0.0006,51,Th II,8605,5/2,11576,3/2_1,EHW03
3368.85754,0.00013,3368.8578,0.0004,110,Th II,1521,5/2,4490,5/2_1,EHW03
3369.9771,0.0003,3369.9771,0.0008,13,Ar II,189438,1/2_1,186470,3/2,95WHA
3371.57662,0.0001,3371.5768,0.0013,1,Th I,26790,4_1,29756,4,EHW03
3374.33444,0.00014,3374.3353,0.0013,1,Th I,24032,4,26995,3_1,EHW03
3374.94137,0.00018,3374.9415,0.0007,21,Th II,10855,7/2,13818,7/2_1,EHW03
3375.35039,5E-05,3375.35105,0.00023,100,Th I,15736,1_1,18699,2,KNS08
3377.58074,0.00015,3377.581,0.0009,7,Th I,18614,1_1,21575,2,EHW03
3378.15298,8E-05,3378.1535,0.0009,7,Th I,15970,3,18930,3_1,EHW03
3379.30566,9E-05,3379.3057,0.00018,120,Th I,14206,4_1,17166,5,KNS08
3383.4623,0.0009,3383.4619,0.0023,7,Ar II,208012,3/2,205056,3/2_1,95WHA
3386.33099,0.00023,3386.3309,0.0005,27,Ar II,209199,5/2,206246,7/2_1,95WHA
-,-,3392.179,0.003,20,Ar I,119760,1_1,122708,2,95WHA
-,-,3398.143,0.008,4,Ar I,119848,1_1,122791,0,95WHA
3399.13492,0.00023,3399.1349,0.0007,16,Ar II,202467,3/2_1,199525,3/2,95WHA
3401.7863,0.0003,3401.7863,0.0008,13,Th III,7500,3_1,10440,2,EHW03
3408.49556,0.00015,3408.4936,0.0013,1,Th I,21738,2_1,24671,2,EHW03
3409.2768,8E-05,3409.2776,0.0008,9,Th I,14465,2_1,17398,3,EHW03
3409.3021,0.0017,3409.3023,0.0012,19,Ar II,211607,7/2_1,208673,5/2,95WHA
3411.11979,7E-05,3411.1199,0.0007,17,Th I,24259,4_1,27191,5,EHW03
3416.84143,9E-05,3416.8419,0.0008,11,Th I,21738,2_1,24664,3,EHW03
-,-,3416.975,0.004,5,Ar I,119683,2_1,122610,1,95WHA
3419.08225,0.00023,3419.0819,0.0013,1,Th II,12219,3/2,15144,3/2_1,EHW03
3420.9188,0.0005,3420.919,0.004,4,Ar II,205079,5/2_1,202156,5/2,95WHA
3422.39629,0.00023,3422.3963,0.0013,8,Ar II,190511,5/2_1,187589,5/2,95WHA
-,-,3426.8352,0.0008,15,Ar I,119683,2_1,122601,1,95WHA
3426.9173,0.00023,3426.9174,0.0015,7,Ar II,190507,3/2_1,187589,5/2,95WHA
3428.99698,0.00023,3428.997,0.0003,34,Ar II,203151,5/2_1,200235,5/2,95WHA
3429.69633,0.00011,3429.6967,0.0009,5,Th I,25442,3_1,28358,3,EHW03
3433.70634,7E-05,3433.7084,0.0011,3,Th I,24084,6_1,26997,6,EHW03
3434.24359,5E-05,3434.2441,0.0013,1,Th I,7502,3,10414,4_1,EHW03
3445.8147,0.0007,3445.815,0.004,7,Ar II,192557,5/2,189655,5/2_1,95WHA
3451.39104,0.00024,3451.3911,0.0009,13,Ar II,203008,3/2_1,200110,1/2,95WHA
3453.8396,0.0005,3453.8396,0.002,7,Ar II,202421,1/2_1,199525,3/2,95WHA
3457.838,0.00019,3457.8374,0.0013,1,Th I,29310,4_1,32201,5,EHW03
3458.9916,0.0025,3458.9913,0.0023,11,Ar II,211586,5/2_1,208695,3/2,95WHA
3461.08817,0.00023,3461.0883,0.001,7,Th I,28321,5_1,31210,6,EHW03
3468.7094,0.0004,3468.7094,0.0004,49,Ar II,209016,7/2,206133,9/2_1,95WHA
3474.34928,0.00013,3474.3498,0.0011,3,Th I,26878,3_1,29756,4,EHW03
-,-,3478.387,0.005,4,Ar I,119760,1_1,122635,2,95WHA
3484.8036,0.0004,3484.8036,0.0006,19,Ar II,189041,3/2_1,186171,1/2,95WHA
3487.81023,5E-05,3487.8104,0.0008,13,Th I,21165,3_1,24032,4,EHW03
3488.07472,7E-05,3488.0722,0.0011,3,Th I,24399,3,27266,4_1,EHW03
3490.9366,0.0004,3490.9365,0.0014,9,Ar II,202544,5/2_1,199680,5/2,95WHA
3494.31312,0.00011,3494.3132,0.0008,11,Th I,24182,2_1,27044,3,EHW03
-,-,3496.0604,0.0004,269,Ar I,119848,1_1,122708,2,95WHA
3497.08667,6E-05,3497.0858,0.0014,1,Th I,21539,4_1,24399,3,EHW03
3498.7516,0.0003,3498.7531,0.0014,1,Th II,19248,5/2_1,22106,5/2,EHW03
3501.2723,0.0004,3501.272,0.003,5,Ar II,203008,3/2_1,200152,3/2,95WHA
-,-,3506.809,0.0004,191,Ar I,114148,1_1,116999,2,95WHA
3508.53031,0.00018,3508.5295,0.0014,1,Th II,9720,7/2_1,12570,7/2,EHW03
-,-,3510.6989,0.0004,141,Ar I,116999,2,119848,1_1,95WHA
3511.53963,9E-05,3511.5398,0.0014,1,Th I,20922,2_1,23769,1,EHW03
3513.0219,7E-05,3513.0207,0.0016,0,Th I,23201,3,26048,4_1,EHW03
3515.53767,0.00012,3515.5374,0.0011,3,Th I,23032,4,25877,4_1,EHW03
3520.8396,0.0004,3520.8397,0.0008,17,Ar II,204996,7/2_1,202156,5/2,95WHA
3521.38655,9E-05,3521.3871,0.001,5,Th I,15970,3,18809,4_1,EHW03
3522.02557,0.00017,3522.0254,0.0014,1,Th I,26995,3_1,29835,3,EHW03
3522.6161,0.0004,3522.6161,0.0004,74,Ar II,189655,5/2_1,186816,7/2,95WHA
-,-,3522.816,0.0004,331,Ar I,119848,1_1,122686,2,95WHA
-,-,3523.24,0.003,18,Ar I,119848,1_1,122686,1,95WHA
-,-,3527.9993,0.0021,15,Ar I,121069,1,123903,2_1,95WHA
3529.05912,4E-05,3529.0597,0.0014,1,Th I,4961,4,7795,4_1,EHW03
3531.758,0.001,3531.7575,0.0025,7,Ar II,208012,3/2,205180,1/2_1,95WHA
3532.2816,0.0006,3532.2814,0.0008,31,Th III,5090,0,7921,1_1,EHW03
3537.94228,0.00015,3537.9441,0.0014,1,Th I,14247,0_1,17073,1,EHW03
3539.43013,6E-05,3539.4302,0.001,5,Th I,21165,3_1,23990,2,EHW03
3540.8594,0.0004,3540.8601,0.0006,51,Th III,4676,2,7500,3_1,EHW03
3542.64924,9E-05,3542.6499,0.0014,1,Th I,20054,2,22877,1_1,EHW03
3544.9475,5E-05,3544.9467,0.0014,1,Th I,18431,3,21252,2_1,EHW03
3546.02071,0.00011,3546.0213,0.001,7,Th I,17166,5,19986,6_1,EHW03
3546.62674,0.00021,3546.627,0.0005,79,Th II,12485,7/2_1,15305,9/2,EHW03
-,-,3547.5569,0.0004,107,Ar I,118651,1_1,121470,0,95WHA
3549.90602,0.00019,3549.9061,0.001,5,Th II,12488,9/2_1,15305,9/2,EHW03
-,-,3554.35,0.005,4,Ar I,121069,1,123882,1_1,95WHA
3555.30021,6E-05,3555.3008,0.0004,70,Th I,15618,3_1,18431,3,KNS08
3562.4871,0.0005,3562.4872,0.0022,6,Ar II,202254,3/2_1,199447,1/2,95WHA
3563.05745,0.00013,3563.0583,0.0009,9,Th I,19532,4,22338,3_1,EHW03
3577.3685,0.0004,3577.3685,0.0005,28,Ar II,207746,5/2,204951,7/2_1,95WHA
3577.83995,9E-05,3577.8407,0.0009,13,Th I,13175,4_1,15970,3,EHW03
3578.3996,0.00012,3578.4015,0.0011,3,Th I,24701,5_1,27495,4,EHW03
3587.6654,0.0003,3587.6655,0.0005,25,Ar II,202467,3/2_1,199680,5/2,95WHA
3588.52523,0.00013,3588.5276,0.0014,1,Th I,21594,3,24381,2_1,EHW03
3588.5309,0.0014,3588.5276,0.0014,1,Th I,38385,5_1,41171,5,EHW03
-,-,3590.8697,0.0015,7,Ar I,116660,1,119445,2_1,95WHA
3593.7107,0.0005,3593.7111,0.0009,9,Th I,32458,4,35240,3_1,EHW03
3593.7104,0.0003,3593.7111,0.0009,9,Th II,13250,5/2,16033,5/2_1,EHW03
3594.16105,9E-05,3594.1616,0.0012,3,Th I,17166,5,19948,4_1,EHW03
3603.34271,0.00016,3603.3433,0.0009,9,Th I,21645,4,24421,3_1,EHW03
3604.12681,0.0001,3604.1279,0.001,5,Th I,21890,3_1,24664,3,EHW03
3605.26422,0.00021,3605.2648,0.0006,59,Th II,9711,7/2,12485,7/2_1,EHW03
3608.95038,5E-05,3608.95116,0.0001,350,Th I,10526,3_1,13297,4,KNS08
3610.0171,0.0004,3610.017,0.004,4,Ar II,209016,7/2,206246,7/2_1,95WHA
3611.54445,8E-05,3611.5455,0.0014,1,Th I,24202,4_1,26971,4,EHW03
3611.636,0.0005,3611.6356,0.0015,10,Ar II,207746,5/2,204978,5/2_1,95WHA
3612.7474,0.0005,3612.7468,0.0014,1,Th III,10440,2,13208,2_1,EHW03
3620.5302,0.0003,3620.5307,0.0012,3,Th II,19880,9/2,22642,9/2_1,EHW03
-,-,3622.0831,0.0004,12023,Ar I,116999,2,119760,1_1,95WHA
3622.90564,0.00021,3622.9054,0.0004,54,Th II,9711,7/2,12472,5/2_1,KNS08
3625.55206,8E-05,3625.5547,0.0014,1,Th I,24032,4,26790,4_1,EHW03
3627.5982,0.0008,3627.5976,0.0004,45,Ar II,207694,7/2,204938,9/2_1,95WHA
-,-,3631.2408,0.0004,6607,Ar I,118407,1,121161,1_1,95WHA
-,-,3631.793,0.003,5,Ar I,119848,1_1,122601,1,95WHA
3632.0089,0.0004,3632.0088,0.0008,23,Ar II,209377,5/2,206624,7/2_1,95WHA
3632.9026,0.0007,3632.9026,0.0011,19,Ar II,210447,7/2_1,207694,7/2,95WHA
3635.76893,0.00011,3635.7691,0.0009,13,Th I,15863,2,18614,1_1,EHW03
-,-,3639.0514,0.0004,275,Ar I,118907,2_1,121655,2,95WHA
-,-,3639.5107,0.0004,3715,Ar I,118907,2_1,121654,3,95WHA
3640.6718,0.0004,3640.6717,0.0015,1,Th II,15236,3/2,17983,5/2_1,EHW03
-,-,3643.0363,0.0004,52,Ar I,118512,0_1,121257,1,95WHA
-,-,3644.2454,0.0012,23,Ar I,121192,2,123936,1_1,95WHA
3645.1539,0.0005,3645.1539,0.0012,13,Ar II,207694,7/2,204951,7/2_1,95WHA
3646.8464,0.0004,3646.8467,0.0015,1,Th I,28188,6_1,30930,6,EHW03
-,-,3649.2056,0.0004,19055,Ar I,116943,3,119683,2_1,95WHA
-,-,3652.5189,0.0008,39,Ar I,121165,3,123903,2_1,95WHA
3652.55607,8E-05,3652.5555,0.0009,9,Th I,21252,2_1,23990,2,EHW03
3654.33697,9E-05,3654.3366,0.0011,5,Th I,24307,2_1,27044,3,EHW03
3656.93155,9E-05,3656.9324,0.0015,1,Th I,23521,3_1,26255,4,EHW03
3665.1406,0.0003,3665.1405,0.0004,38,Ar II,202254,3/2_1,199525,3/2,95WHA
3669.18196,9E-05,3669.1803,0.0015,1,Th I,23655,4_1,26380,5,EHW03
-,-,3669.692,0.009,4,Ar I,122610,1,125335,0_1,95WHA
3673.04564,0.00012,3673.046,0.0011,5,Th I,24274,5_1,26997,6,EHW03
3674.7603,0.0004,3674.7603,0.0013,11,Ar II,203345,3/2_1,200624,1/2,95WHA
3676.4923,0.0003,3676.489,0.0015,1,Th II,24873,5/2_1,27593,5/2,EHW03
3680.739,0.023,3680.737,0.023,3,Ar II,207694,7/2,204978,5/2_1,95WHA
-,-,3688.1269,0.0004,95,Ar I,121192,2,123903,2_1,95WHA
3689.05614,5E-05,3689.0564,0.0009,15,Th I,20322,5_1,23032,4,EHW03
3690.6121,0.0002,3690.6121,0.0008,19,Th II,6691,3/2_1,9400,5/2,EHW03
-,-,3701.3566,0.0004,4467,Ar I,118460,1,121161,1_1,95WHA
3702.8293,0.0007,3702.8293,0.0005,40,Ar II,210447,7/2_1,207746,5/2,95WHA
3703.1906,0.0007,3703.1917,0.0008,28,Ar II,189041,3/2_1,186341,3/2,95WHA
3703.52181,7E-05,3703.5222,0.0008,31,Th I,17354,1_1,20054,2,EHW03
3706.2945,0.0004,3706.2954,0.0015,1,Th II,17460,5/2_1,20158,5/2,EHW03
-,-,3708.6001,0.0004,12882,Ar I,117151,1,119848,1_1,95WHA
3711.7371,0.0015,3711.7372,0.001,25,Ar II,212071,7/2_1,209377,5/2,95WHA
3713.0981,0.0003,3713.0981,0.0012,3,Th I,23355,3,26048,4_1,EHW03
-,-,3714.3545,0.0004,7244,Ar I,118469,2,121161,1_1,95WHA
-,-,3716.9372,0.0017,10,Ar I,121192,2,123882,1_1,95WHA
-,-,3718.6162,0.0004,1862,Ar I,118407,1,121097,0_1,95WHA
3718.75996,6E-05,3718.7618,0.0013,3,Th I,19948,4_1,22637,3,EHW03
3722.13094,0.00021,3722.1317,0.0013,3,Th I,24880,1_1,27566,2,EHW03
3725.45613,0.00013,3725.4564,0.0011,7,Th I,14481,6_1,17166,5,EHW03
-,-,3726.1265,0.0004,2754,Ar I,116999,2,119683,2_1,95WHA
3730.70215,4E-05,3730.7032,0.0006,61,Th I,5563,1,8243,2_1,KNS08
3732.3523,8E-05,3732.3521,0.0011,7,Th I,20522,2_1,23201,3,EHW03
-,-,3733.161,0.003,13,Ar I,121257,1,123936,1_1,95WHA
3733.52584,0.00014,3733.5257,0.001,11,Th I,25355,4_1,28034,5,EHW03
3735.9882,0.0003,3735.9872,0.0015,1,Th II,10572,9/2_1,13248,9/2,EHW03
3737.60334,0.00014,3737.6035,0.0011,5,Th I,23201,3,25877,4_1,EHW03
3739.12268,7E-05,3739.1232,0.0006,51,Th I,10414,4_1,13088,3,KNS08
3739.82163,0.00017,3739.8205,0.0015,1,Th I,25306,2_1,27980,3,EHW03
3741.948,0.0003,3741.9488,0.0013,3,Th II,12570,7/2,15242,9/2_1,EHW03
3750.53553,0.00022,3750.5385,0.0015,1,Th I,25923,4,28589,3_1,EHW03
-,-,3752.008,0.004,8,Ar I,121271,2,123936,1_1,95WHA
-,-,3753.5136,0.0004,331,Ar I,117184,2,119848,1_1,95WHA
3756.16553,7E-05,3756.1662,0.0007,42,Th I,11802,2,14465,2_1,KNS08
3757.89321,0.00011,3757.8934,0.0008,17,Th I,21738,2_1,24399,3,EHW03
3762.95311,0.0001,3762.9546,0.0013,3,Th I,23032,4,25690,5_1,EHW03
3766.10487,0.00011,3766.1056,0.0013,3,Th I,27852,5_1,30508,5,EHW03
3766.5556,0.0003,3766.5558,0.001,9,Th II,8018,3/2,10673,5/2_1,EHW03
3770.69662,0.00011,3770.6964,0.0016,1,Th I,25690,5_1,28342,5,EHW03
3778.69778,0.00016,3778.6996,0.0013,3,Th I,23609,5_1,26255,4,EHW03
3782.7967,7E-05,3782.7989,0.0016,1,Th I,17411,3_1,20054,2,EHW03
3782.8007,0.0006,3782.7989,0.0016,1,Th I,31523,3_1,34167,3,EHW03
-,-,3792.1812,0.0004,1514,Ar I,118460,1,121097,0_1,95WHA
3792.7129,0.0011,3792.7129,0.001,16,Ar II,209268,3/2,206632,5/2_1,95WHA
3795.6831,0.00023,3795.6835,0.001,15,Th II,9585,5/2_1,12219,3/2,EHW03
-,-,3798.5481,0.0024,14,Ar I,121271,2,123903,2_1,95WHA
3800.6035,0.00013,3800.6048,0.0016,1,Th I,24981,3_1,27612,3,EHW03
3801.81411,0.00017,3801.8143,0.0007,59,Th II,1859,3/2,4490,5/2_1,EHW03
3803.93934,0.00017,3803.9403,0.0013,3,Th I,21645,4,24274,5_1,EHW03
3808.12568,0.00015,3808.1234,0.0016,1,Th I,19713,3,22338,3_1,EHW03
-,-,3809.4731,0.002,10,Ar I,121257,1,123882,1_1,95WHA
-,-,3812.0044,0.0004,7244,Ar I,116943,3,119566,3_1,95WHA
3814.9071,0.0003,3814.9071,0.0005,26,Ar II,203502,5/2_1,200881,7/2,95WHA
-,-,3817.9267,0.0004,263,Ar I,118651,1_1,121271,2,95WHA
3826.0725,0.00013,3826.0752,0.0007,39,Th I,24182,2_1,26796,3,EHW03
3826.0748,0.00023,3826.0752,0.0007,39,Th II,10855,7/2,13468,9/2_1,EHW03
3826.75576,0.00022,3826.7568,0.0016,1,Th I,24032,4,26645,5_1,EHW03
3829.1847,0.0004,3829.1855,0.0016,1,Th II,24982,7/2_1,27593,5/2,EHW03
3832.25185,0.00022,3832.2513,0.0013,3,Th I,28321,5_1,30930,6,EHW03
-,-,3833.1187,0.0004,6310,Ar I,117151,1,119760,1_1,95WHA
3836.22565,0.00012,3836.2264,0.001,11,Th I,17959,4,20566,4_1,EHW03
-,-,3837.6432,0.0004,155,Ar I,118651,1_1,121257,1,95WHA
-,-,3839.5297,0.0004,575,Ar I,118407,1,121012,1_1,95WHA
3844.1273,0.0004,3844.1273,0.0011,13,Ar II,203008,3/2_1,200406,1/2,95WHA
3844.4323,0.0004,3844.4323,0.0016,1,Th II,15236,3/2,17837,1/2_1,EHW03
3845.98589,0.00015,3845.9889,0.0019,0,Th I,23277,5,25877,4_1,EHW03
-,-,3864.0814,0.0004,54,Ar I,114975,1_1,117563,0,95WHA
3869.9943,0.0003,3869.9945,0.0006,95,Th II,7001,3/2,9585,5/2_1,EHW03
3878.93385,0.00021,3878.9319,0.0017,1,Th II,4113,5/2,6691,3/2_1,EHW03
3879.1994,0.0017,3879.1993,0.0004,55,Ar II,211594,9/2_1,209016,7/2,95WHA
-,-,3881.1182,0.0004,2692,Ar I,117184,2,119760,1_1,95WHA
3883.8651,0.0009,3883.865,0.003,10,Ar II,208695,3/2,206120,5/2_1,95WHA
3885.2889,0.0003,3885.2889,0.0004,30,Ar II,202254,3/2_1,199680,5/2,95WHA
-,-,3889.478,0.021,3,Ar I,120601,2_1,123172,1,95WHA
3890.1808,0.0004,3890.181,0.003,5,Ar II,189041,3/2_1,186470,3/2,95WHA
-,-,3896.0212,0.0005,3548,Ar I,116999,2,119566,3_1,95WHA
3900.179,0.0006,3900.1793,0.001,12,Ar II,203594,1/2_1,201030,1/2,95WHA
3903.17512,6E-05,3903.1759,0.0006,45,Th I,10526,3_1,13088,3,KNS08
3904.2244,0.0005,3904.225,0.0014,3,Th II,17727,11/2,20288,11/2_1,EHW03
3905.33289,0.00023,3905.3353,0.0017,1,Th I,29733,5_1,32293,5,EHW03
3905.64215,8E-05,3905.6433,0.0008,38,Th I,15493,4,18053,4_1,KNS08
-,-,3911.5385,0.0005,363,Ar I,118512,0_1,121069,1,95WHA
3913.09804,0.00014,3913.0984,0.0014,3,Th I,19039,2_1,21594,3,EHW03
-,-,3918.0072,0.0005,871,Ar I,118460,1,121012,1_1,95WHA
3920.7748,0.0003,3920.7748,0.0005,39,Ar II,202430,7/2_1,199879,7/2,95WHA
3921.56875,0.00011,3921.5697,0.0012,5,Th I,17398,3,19948,4_1,EHW03
-,-,3932.5744,0.0005,1585,Ar I,118469,2,121012,1_1,95WHA
3933.154,0.0003,3933.1543,0.0009,17,Th II,14275,9/2_1,16818,7/2,EHW03
-,-,3949.8353,0.0005,794,Ar I,117151,1,119683,2_1,95WHA
3951.90772,8E-05,3951.9081,0.0014,3,Th I,13088,3,15618,3_1,EHW03
3956.35484,0.00011,3956.3548,0.0014,3,Th I,22877,5_1,25405,4,EHW03
3960.1395,0.0009,3960.1397,0.0008,17,Ar II,204134,5/2_1,201609,7/2,95WHA
3961.3899,0.0006,3961.3899,0.0014,16,Ar II,208673,5/2,206149,7/2_1,95WHA
-,-,3966.3325,0.0005,1202,Ar I,120188,1,122709,2_1,95WHA
-,-,3966.9772,0.0005,2042,Ar I,120189,2,122709,[2.5]_1,95WHA
3971.15217,0.0001,3971.1529,0.0013,5,Th I,15493,4,18011,5_1,EHW03
3973.044,0.0003,3973.044,0.0005,26,Ar II,190106,3/2_1,187589,5/2,95WHA
-,-,3974.7797,0.0005,182,Ar I,120207,5,122723,[4.5]_1,95WHA
-,-,3974.8315,0.0005,155,Ar I,120207,4,122723,[4.5]_1,95WHA
-,-,3980.351,0.008,10,Ar I,120207,[4.5],122719,[3.5]_1,95WHA
-,-,3980.4732,0.0005,58,Ar I,114148,1_1,116660,1,95WHA
3982.22415,0.00025,3982.2246,0.0017,1,Th II,4490,5/2_1,7001,3/2,EHW03
3982.88568,0.00024,3982.8862,0.0013,7,Th II,8605,5/2,11116,7/2_1,EHW03
-,-,3983.5316,0.0005,2291,Ar I,114641,2_1,117151,1,95WHA
3988.0486,0.0008,3988.0486,0.0005,30,Ar II,202467,3/2_1,199960,5/2,95WHA
-,-,3990.8919,0.0005,4898,Ar I,120207,5,122713,[5.5]_1,95WHA
-,-,3990.9611,0.0005,3020,Ar I,120207,4,122713,[5.5]_1,95WHA
-,-,3996.6782,0.0005,550,Ar I,116943,3,119445,2_1,95WHA
-,-,4000.8216,0.0005,5623,Ar I,117184,2,119683,2_1,95WHA
4005.05305,0.00014,4005.0517,0.0014,3,Th I,21902,4_1,24399,3,EHW03
-,-,4007.6417,0.0021,41,Ar I,121653,4,124148,[3.5]_1,95WHA
-,-,4008.0088,0.0005,1778,Ar I,121653,3,124148,[3.5]_1,95WHA
-,-,4009.1834,0.0005,1000,Ar I,121654,3,124148,[3.5]_1,95WHA
-,-,4009.7435,0.0005,724,Ar I,121655,2,124149,3_1,95WHA
-,-,4016.513,0.0005,2089,Ar I,120230,3,122719,[3.5]_1,95WHA
-,-,4017.0131,0.0005,1514,Ar I,120230,2,122719,3_1,95WHA
4018.11567,0.00015,4018.1164,0.0011,11,Th I,17224,2_1,19713,3,EHW03
-,-,4019.6216,0.0019,14,Ar I,121165,3,123653,4_1,95WHA
4023.9062,0.0008,4023.905,0.004,3,Ar II,202467,3/2_1,199982,3/2,95WHA
4025.201,0.0004,4025.2023,0.0015,3,Th II,15242,9/2_1,17727,11/2,EHW03
4028.08404,0.0001,4028.0835,0.0015,3,Th I,24561,3_1,27044,3,EHW03
4028.77938,6E-05,4028.7806,0.0018,1,Th I,16217,2_1,18699,2,EHW03
4030.80459,0.00019,4030.8058,0.0021,0,Th I,25877,4_1,28358,3,EHW03
-,-,4032.7371,0.0005,302,Ar I,120230,3,122709,[2.5]_1,95WHA
-,-,4033.2152,0.0005,151,Ar I,120230,2,122709,[2.5]_1,95WHA
4036.3664,0.0005,4036.367,0.0013,5,Th I,17354,1_1,19832,1,EHW03
4037.87476,0.0001,4037.8746,0.0015,3,Th I,23277,5,25753,5_1,EHW03
4038.01466,0.00024,4038.0148,0.0008,35,Th II,8378,7/2_1,10855,7/2,EHW03
-,-,4043.4917,0.0005,2951,Ar I,120250,3,122723,4_1,95WHA
-,-,4043.5511,0.0005,1175,Ar I,120250,4,122723,[4.5]_1,95WHA
4048.2234,0.0005,4048.2233,0.0022,7,Ar II,202430,7/2_1,199960,5/2,95WHA
-,-,4049.2411,0.0005,269,Ar I,120250,3,122719,[3.5]_1,95WHA
-,-,4049.2954,0.0005,234,Ar I,120250,4,122719,[3.5]_1,95WHA
4051.7873,0.0003,4051.7851,0.0018,1,Th I,27084,6_1,29552,6,EHW03
4055.4651,0.00012,4055.4661,0.0013,5,Th I,20522,2_1,22988,2,EHW03
4055.67642,0.00015,4055.6776,0.0015,3,Th I,26096,3_1,28562,4,EHW03
-,-,4055.785,0.01,3,Ar I,121470,0,123936,1_1,95WHA
4056.01417,7E-05,4056.0149,0.0011,9,Th I,18699,2,21165,3_1,EHW03
4058.7237,0.0004,4058.7239,0.0007,200,Th III,63,2,2527,3_1,EHW03
-,-,4065.733,0.017,6,Ar I,120250,3,122709,[2.5]_1,95WHA
-,-,4065.771,0.006,9,Ar I,120250,4,122709,[2.5]_1,95WHA
4076.6811,0.0005,4076.6819,0.0018,1,Th III,7500,3_1,9953,3,EHW03
4080.6002,0.0007,4080.6,0.006,5,Ar II,192557,5/2,190106,3/2_1,95WHA
-,-,4089.1314,0.0005,9333,Ar I,116999,2,119445,2_1,95WHA
4093.04093,0.0002,4093.0384,0.0018,1,Th I,17073,1,19516,2_1,EHW03
4093.7632,0.0005,4093.7639,0.0013,5,Th III,6537,4,8980,4_1,EHW03
-,-,4095.498,0.003,5,Ar I,119213,3_1,121655,2,95WHA
4095.87508,7E-05,4095.8756,0.0013,5,Th I,8800,4,11241,3_1,EHW03
-,-,4096.0779,0.0005,40,Ar I,119213,3_1,121654,3,95WHA
4096.57869,8E-05,4096.5815,0.0022,0,Th I,11802,2,14243,1_1,EHW03
-,-,4097.6761,0.0005,912,Ar I,119213,3_1,121653,4,95WHA
-,-,4098.0474,0.0025,10,Ar I,121069,1,123509,0_1,95WHA
4100.7963,0.0005,4100.7964,0.0015,11,Ar II,202421,1/2_1,199982,3/2,95WHA
4102.58719,0.00025,4102.5855,0.0019,1,Th II,6168,7/2_1,8605,5/2,EHW03
4106.9698,0.0003,4106.9698,0.0014,10,Ar II,202467,3/2_1,200032,3/2,95WHA
4108.74683,8E-05,4108.7472,0.0012,9,Th I,10414,4_1,12847,3,EHW03
4113.44048,9E-05,4113.4405,0.0014,5,Th I,11601,1,14032,2_1,EHW03
4128.38021,0.00012,4128.3809,0.0014,7,Th I,17166,5,19588,5_1,EHW03
4136.1264,0.0003,4136.1272,0.0012,9,Th II,15305,9/2,17722,9/2_1,EHW03
-,-,4136.7756,0.0005,813,Ar I,118651,1_1,121069,1,95WHA
4139.86131,5E-05,4139.8616,0.001,29,Th I,8111,4,10526,3_1,EHW03
4144.07162,0.00012,4144.0734,0.0019,1,Th I,23277,5,25690,5_1,EHW03
4151.06334,0.00014,4151.0649,0.0022,0,Th I,23481,1_1,25890,2,EHW03
4153.0738,0.0024,4153.074,0.004,9,Ar II,211607,7/2_1,209199,5/2,95WHA
4157.1841,0.0005,4157.1841,0.0005,37,Ar II,202544,5/2_1,200139,7/2,95WHA
4163.24165,0.00012,4163.2424,0.0019,1,Th I,23521,3_1,25923,4,EHW03
4164.6721,0.0005,4164.6725,0.0023,0,Th III,8141,4_1,10542,4,EHW03
4166.8326,0.0005,4166.8309,0.0019,1,Th I,26997,6,29397,6_1,EHW03
-,-,4167.9964,0.0014,21,Ar I,121069,1,123468,1_1,95WHA
4171.5214,0.0005,4171.5213,0.0016,3,Th III,5523,1,7921,1_1,EHW03
4172.26179,5E-05,4172.2624,0.0016,3,Th I,8800,4,11197,5_1,EHW03
-,-,4180.518,0.003,7,Ar I,121165,3,123557,3_1,95WHA
4184.08123,0.00012,4184.082,0.0014,7,Th I,23015,5_1,25405,4,EHW03
4188.551,0.004,4188.551,0.005,5,Ar II,211586,5/2_1,209199,5/2,95WHA
4191.7722,0.0003,4191.7723,0.0008,19,Ar II,203731,3/2_1,201345,3/2,95WHA
4196.1012,0.0003,4196.103,0.0016,3,Th II,24873,5/2_1,27257,7/2,EHW03
-,-,4197.3494,0.0005,24547,Ar I,117184,2,119566,3_1,95WHA
4200.8396,0.00021,4200.8402,0.0009,69,Th II,7331,5/2_1,9711,7/2,EHW03
-,-,4204.4064,0.0005,4786,Ar I,114805,2_1,117184,2,95WHA
4210.49706,0.00016,4210.4983,0.0016,3,Th I,24421,3_1,26796,3,EHW03
4220.57359,0.00013,4220.5707,0.002,1,Th I,23521,3_1,25890,2,EHW03
-,-,4227.2394,0.0014,15,Ar I,121192,2,123557,3_1,95WHA
-,-,4230.1071,0.0005,1995,Ar I,118907,2_1,121271,2,95WHA
4233.03585,0.00014,4233.0366,0.0014,5,Th I,17959,4,20322,5_1,EHW03
-,-,4234.3224,0.0005,871,Ar I,114822,3_1,117184,2,95WHA
-,-,4240.2803,0.0005,1122,Ar I,114641,2_1,116999,2,95WHA
4242.45071,0.00025,4242.4519,0.002,1,Th I,16217,2_1,18574,1,EHW03
4253.32273,0.00013,4253.3235,0.002,1,Th I,26790,4_1,29141,5,EHW03
-,-,4254.3243,0.0005,195,Ar I,118907,2_1,121257,1,95WHA
4256.6226,0.0004,4256.6226,0.0016,3,Th III,4826,3_1,7176,2,EHW03
-,-,4262.225,0.0006,302,Ar I,114805,2_1,117151,1,95WHA
4267.05868,0.00015,4267.0594,0.002,1,Th I,25690,5_1,28034,5,EHW03
4269.1649,0.0007,4269.1656,0.0009,35,Th III,3181,2_1,5523,1,EHW03
4283.096,0.006,4283.098,0.006,5,Ar II,210478,7/2_1,208143,7/2,95WHA
4298.9084,0.0009,4298.908,0.004,10,Ar II,194883,7/2_1,192557,5/2,95WHA
4299.71626,0.00011,4299.7186,0.002,1,Th I,22338,3_1,24664,3,EHW03
-,-,4300.0901,0.0017,21,Ar I,120189,2,122514,1_1,95WHA
4307.69947,7E-05,4307.7008,0.0013,15,Th I,10526,3_1,12847,3,EHW03
4312.33097,7E-05,4312.3311,0.0013,9,Th I,12847,3,15166,3_1,EHW03
4313.86643,9E-05,4313.8677,0.0011,25,Th I,13175,4_1,15493,4,EHW03
4318.7767,0.0004,4318.7767,0.0006,33,Ar II,202467,3/2_1,200152,3/2,95WHA
-,-,4322.126,0.003,8,Ar I,121192,2,123505,2_1,95WHA
-,-,4323.506,0.006,13,Ar I,122036,4_1,124349,3,95WHA
4337.63115,0.00011,4337.6349,0.0021,1,Th I,10783,2_1,13088,3,EHW03
4337.7025,0.0006,4337.7036,0.0024,0,Th I,21176,1,23481,1_1,EHW03
4338.5049,0.0008,4338.5049,0.0011,25,Th III,7875,1,10180,2_1,EHW03
4341.91267,7E-05,4341.9128,0.0015,7,Th I,8111,4,10414,4_1,EHW03
4344.41351,0.00017,4344.4152,0.0017,3,Th I,17411,3_1,19713,3,EHW03
-,-,4344.4942,0.0006,95,Ar I,114641,2_1,116943,3,95WHA
4355.6813,0.0004,4355.681,0.003,7,Ar II,188766,5/2_1,186470,3/2,95WHA
4359.245,0.0004,4359.245,0.0006,26,Ar II,202254,3/2_1,199960,5/2,95WHA
-,-,4360.1356,0.0006,15136,Ar I,117151,1,119445,2_1,95WHA
-,-,4366.063,0.0006,251,Ar I,118871,0,121161,1_1,95WHA
-,-,4367.4016,0.0006,229,Ar I,114862,0_1,117151,1,95WHA
-,-,4375.9931,0.0006,105,Ar I,118907,2_1,121192,2,95WHA
-,-,4376.7403,0.0006,9333,Ar I,117563,0,119848,1_1,95WHA
-,-,4377.4846,0.0006,18621,Ar I,118469,2,120753,3_1,95WHA
4404.47264,0.00017,4404.4739,0.0025,0,Th I,24701,5_1,26971,4,EHW03
4404.4753,0.0008,4404.4739,0.0025,0,Th I,35300,5,37571,5_1,EHW03
-,-,4405.06,0.0006,5623,Ar I,116943,3,119213,3_1,95WHA
4405.7244,0.0004,4405.7244,0.0006,60,Ar II,202149,5/2_1,199879,7/2,95WHA
-,-,4422.3485,0.0006,955,Ar I,117184,2,119445,2_1,95WHA
-,-,4427.2183,0.001,19,Ar I,118907,2_1,121165,3,95WHA
4434.66424,0.00012,4434.6663,0.0016,5,Th I,13962,1,16217,2_1,EHW03
4434.9983,0.0006,4434.9991,0.0012,25,Th III,4056,3,6310,4_1,EHW03
4436.8885,0.0003,4436.8917,0.0018,3,Th I,22515,2,24769,3_1,EHW03
4439.78466,0.00016,4439.7856,0.0016,7,Th I,21738,2_1,23990,2,EHW03
-,-,4440.973,0.009,4,Ar I,121257,1,123509,0_1,95WHA
4446.2977,0.0006,4446.298,0.003,5,Ar II,203594,1/2_1,201345,3/2,95WHA
-,-,4447.7622,0.0022,9,Ar I,121257,1,123505,2_1,95WHA
-,-,4451.14,0.0006,9772,Ar I,116660,1,118907,2_1,95WHA
4475.42767,0.00012,4475.4267,0.0022,1,Th I,24561,3_1,26796,3,EHW03
4486.00889,0.0001,4486.0092,0.0016,5,Th I,11802,2,14032,2_1,EHW03
4496.4257,0.0006,4496.4263,0.0022,1,Th II,15236,3/2,17460,5/2_1,EHW03
